nPeaks,nHoles,total_col_with_hole,total_dy,x_transitions,y_transitions,total_none_cols,maxWell,fullLines
-0.5315914358152685,-0.13631207600753162,-15.855483155688894,-0.5121740702486511,-0.43819217504489555,-0.39126974713049445,-0.18642724292191312,-0.2118514113152023,-0.4421850294794045
NIND,NGEN,POP,CXPB,MUTPB,GAME_LEVEL
9,20,50,0.6,0.2,2
