nPeaks,nHoles,total_col_with_hole,total_dy,x_transitions,y_transitions,total_none_cols,maxWell,fullLines
0.10650391642479917,0.2762515446028331,0.792053449173854,0.05020455581683003,0.5520946255562957,-0.4488433665331224,-0.2431205398139884,-0.6764225161394943,0.9680128535692525,-0.1530351128623786,0.8857544350505775,-0.16899917247426455,0.9623729803130849,0.9669167065285091,-0.8246234248320483,0.5368594665394566,-0.41385242520205945,0.2505815776298417,0.08794391914849253,-0.35497993624135105,-0.8401027734775011,-0.12283050619115676,-0.4038695449622969,-0.6584406827943197,-0.02641106280545724,-0.8343030162348593,0.26259201200925997,-0.701254382201963,0.16357331382882934,-0.3688005903393896,-0.11831457997969874,-0.05965731016487297,0.04348199657137908,-0.6897765946818597,0.32149629668833035,-0.08984764377345233,-0.43619675080809794,0.6976044919556164,0.40622917023765526,-0.9009585393065263,0.8802904197334678,0.12038211664317444,-0.255984233785278,-0.9855725816251726,-0.09271789269305342,0.7512688009855848,-0.5031865235819484,-0.1042688634440716,0.24743681649883875,-0.20723254272147762,0.8364677103190759,-0.31570066003762265,0.12280478681824158,0.751992935903592,0.1373268978737605,0.5619074718106236,-0.28758450183824924,0.010006491625583758,-0.024673278718453595,-0.744231295495781,0.6351348384769182,-0.5009345366885323,-0.7666544625341798,-0.6528690456525299,-0.8154126564189632,0.3522092348133159,0.43081899164287396,-0.5846613132320155,0.3950761010476187,0.5134995704751832,0.42717724315417116,-0.04088077831307957,-0.33942728719689663,-0.33148194263331554,0.8809683803151263,-0.2854768144844262,-0.4336143486198858,-0.6555296323853872,-0.1567211195125422,0.6353082788323308,-0.05297005879073957,0.3880928791543592,0.6216288375785748,0.10294988618665601,0.1543302865872338,0.7488119421487367,0.049375115947180026,0.44241794099176857,-0.4738682816182631,0.07659721858051127,0.20515213913279817,-0.2809212619313419,0.879482220254155,0.7919851455468472,0.1332724332892523,0.9637588672695787,0.1374321150983031,0.13852179800473308,0.7495857515568065,-0.2523421209948098
NIND,NGEN,POP,CXPB,MUTPB,GAME_LEVEL
100,50,50,0.6,0.2,2
