nPeaks,nHoles,total_col_with_hole,total_dy,x_transitions,y_transitions,total_none_cols,maxWell,fullLines
-6.915734721662395,0.9005032127829837,18.823908177656076,32.860662488078624,-9.82137918551085,3.8516947183047248,-5.431158796974303,7.672971887226611,24.052371979287397,5.2717898217387065,-12.283453637892052,11.916720844706228,-0.188681671511727,5.0853947255283,-5.58219563572893,9.768200485020074,-1.9816083439349834,-29.62695276709283,-16.79574177742375,-29.629247829167703,0.018233475429203616,-9.552834325970712,3.72418020542509,0.6795225731112016,-43.10795703439089,8.007798409238095,-4.7964487124509505,-8.70872189525698,-20.95073843828545,6.69909532251929,-10.117024255103308,22.806055522652223,-18.918679970711054,21.97138598467201,29.796331672947815,-22.301293152185796,0.9447015615044578,27.92743359018811,-22.85306250038906,13.047269758343592,15.218608462962127,1.8701389945775104,19.31996288783871,-36.20274447301573,8.064688592607297,15.28649841474778,-11.339453834135133,-4.87743419273337,-14.946959780290172,1.9639651899392738,10.483112249420934,-10.549105980762521,-5.7926316339766775,8.344374770262649,-7.674280924342699,-13.187354715476799,3.5015587924801075,-7.226004530731512,-7.0813510737355525,16.217050723519442,-16.819794987121888,-0.7863044520199847,6.719746146825447,-8.793412982447068,17.88763948202257,-17.506175994682415,9.018748087377853,11.180458697337375,5.9670191745788195,5.918098759950815,-8.611953839004425,-12.814705546194986,-14.418132993959626,1.9279813044206948,-5.315604002404946,5.852907215569905,-5.156044978616855,18.607787093146996,6.847635616142029,-14.955882466886226,5.011942889143263,-0.30303935733586657,13.4240132120023,-46.787206556617875,9.091721264929753,13.049190735534136,-10.611701621079463,6.987556033431352,-3.856067280350487,-3.394397137761021,-28.958991074065196,-15.702069028488438,-5.134668750993246,19.00614071660468,-10.889380574595233,14.42782145687877,-7.783113984086984,4.591788337405363,-17.848345005331627,1.3488868105109626
NIND,NGEN,POP,CXPB,MUTPB,GAME_LEVEL
100,50,50,0.6,0.2,2
