nPeaks,nHoles,total_col_with_hole,total_dy,x_transitions,y_transitions,total_none_cols,maxWell,fullLines
-19.96045115229596,5.968780310753421,-21.700584752034114,-4.871067592226585,16.073460827204567,2.983792121761736,5.244596980065146,-40.43538510835172,24.873688088117646,15.526378805967955,-6.533570883610464,-12.418128604550848,-52.76092865452269,-1.8266003831452198,-0.38847882906036135,-3.995451558892425,14.13212273656156,5.34578923762044,20.79599979794103,8.794540541078044,2.2197241048691096,-11.116962105760178,-5.844214553053026,8.977676851539336,4.578207497859937,-3.4013574206391595,6.563379877391327,2.7825119077265406,1.7062647767396502,-0.411135559066934,5.621411304972273,4.01790808463633,-31.32883653684012,26.92200029881992,12.701168441589783,18.66139284517682,-15.516652299381645,-30.83943781160815,17.367119289491054,-7.021598423546282,8.54627497726802,6.5417325838363976,5.992816228210273,2.7096619530055603,17.112043267248882,17.34438286157502,3.9670297596402953,17.83853722392667,13.852455340096885,-11.221435812895576,25.34783709615993,-7.429128796457263,14.695917509615747,7.589383899756999,1.2074098222623066,-8.374589337330987,-18.331671253026503,-5.072732077784759,-30.83809485259213,-12.617527246001245,12.242352103112662,0.991322391101919,0.523783959999806,-11.455991479429,11.255814801141609,-5.367275544847949,1.7371190103533747,-3.4924076649394467,-5.845826076365391,20.39167467792797,-32.68515372335015,-20.185805867024662,5.442306005090966,-2.7587432993683896,5.626305797914467,-17.821558791294763,-0.2559317297610765,19.450161719212247,-9.523069256902382,-6.474819945296416,29.91686164342944,1.2514859521701496,-12.915806090098737,-11.617259833907477,18.841328356702288,1.2930072138356066,14.9833356871369,-0.805041417057007,-8.078975426453104,-4.089834021133228,-11.786685336510025,14.264893337493055,-24.280979451117247,5.257863988021349,0.8042249008969106,0.7844624525000472,39.89969285859319,-1.8665449831938967,13.203495354617957,9.579442870994608
NIND,NGEN,POP,CXPB,MUTPB,GAME_LEVEL
100,50,50,0.6,0.2,2
