nPeaks,nHoles,total_col_with_hole,total_dy,x_transitions,y_transitions,total_none_cols,maxWell,fullLines
15.433463782042656,7.380008895857375,18.645237954368856,10.150830257857795,-23.843153598223168,19.35224578756083,12.789060249732444,-39.52359503592723,-3.7330146698655673
NIND,NGEN,POP,CXPB,MUTPB,GAME_LEVEL
9,100,50,0.6,0.2,2
