nPeaks,nHoles,total_col_with_hole,total_dy,x_transitions,y_transitions,total_none_cols,maxWell,fullLines
0.6498750792495098,-0.3200080463718109,-0.7397351460064645,-0.3347992110264115,0.1855088333160091,0.292756422424715,0.5288032926991484,0.26787017170751604,0.28272446428908093,-0.8193706398314529,0.655742348850229,-0.9777327567680114,0.9595807046743694,-0.3484433069554136,-0.6165625729322459,0.25498320160702903,0.3584098060747054,-0.5497332651954039,-0.5234819656090814,-0.4037045614033923,0.06817027288736699,-0.09333629761427176,-0.20573568578577595,0.26982612377722637,-0.62498969590455,-0.8680035459725015,-0.9398898032019158,-0.14234852745799453,0.8591175975216638,-0.539661343741163,-0.007243147647867376,0.9625819453545039,-0.5517309861886728,0.38909259894050674,-0.2963678154685412,-0.037090721111463276,-0.2924343543129706,-0.18200933583213774,0.39274619587532245,0.8710597728220095,0.24844408137760432,0.07724721582909333,-0.5059942957419898,0.6631755985618148,0.056516592724399795,0.37123880126577147,0.9303601027443291,-0.6849168268404338,-0.8187271451784333,0.9077221686508048,0.6345206896927047,0.1709513524874593,-0.8764766204192214,-0.9827721302933337,-0.3220764102893485,0.8550123998808166,0.910792175412015,-0.5532813454044527,0.7167373813373119,-0.6957444097056937,-0.2204346420576675,0.5105926250889299,-0.7722100386994561,0.6372738579818147,-0.6100929277692573,-0.23224168058500494,-0.5056637533457513,-0.2523838078567995,0.9640034068021897,-0.08642185556133541,0.5579872838699469,-0.1754456247051277,-0.8292281282534881,-0.23639952814228837,0.1832848571875083,-0.6194564567191712,0.5106276716217764,-0.6537085863712384,-0.44403348098810125,-0.6360089080129183,-0.1327258158046063,-0.48393151677600144,-0.8517002038393424,0.015310744205834226,0.39938648624176176,-0.9154995583395,0.16252449693194526,-0.053849491425272955,0.5254352242294171,0.9456445796198181,0.6365151807163567,-0.9367015900188616,0.2562520480764727,0.45608768476068673,-0.3765359878063754,0.9669477092529177,0.8330206790572523,-0.39178596120864584,0.47592998230903927,0.328917417393658
NIND,NGEN,POP,CXPB,MUTPB,GAME_LEVEL
100,50,50,0.6,0.2,2
