nPeaks,nHoles,total_col_with_hole,total_dy,x_transitions,y_transitions,total_none_cols,maxWell,fullLines
-63.264595913920374,6.5044168180322295,40.156161528799814,-12.549781973247168,8.356569385519544,-45.75779553726912,-8.725689798336234,0.27761032333831476,39.16315583991896,11.610434800903558,14.118840446949132,17.530586411102778,18.42368590444468,-13.231357462878258,-26.16472442075411,-15.617996784216093,-1.2936026516987464,7.591089854771884,6.158850835442029,-9.671678348835957,7.464086803960608,-2.3232414108862907,-21.795764099859213,24.108592376567643,1.8668371257523733,-11.755853791801218,-23.93418778810718,-19.549672264378934,-2.732577220419893,0.8455678259837736,-17.011350822225236,-27.382089274142,0.15494053923589668,4.309180326733474,3.164079348455505,6.202211603564884,10.421271336903907,1.9123344743422277,-23.367660260098777,37.87817924015272,-6.600553370804765,-46.15372505385765,20.642979571826427,43.57373068951591,10.834162046007641,4.776237452168806,8.351534844748747,-36.59840037643706,10.525180650662847,9.16450011742019,24.67619654464549,-31.576209598406564,14.561826802903656,8.186255228920515,-8.196943342111583,-4.942419938043257,25.99267209373275,8.238743867941192,-6.477009309056891,50.651440584914916,8.028907057086382,10.665578470562917,-4.650858773043812,15.117251596036951,35.87143472851182,-2.051766782661172,-7.648017374222238,-0.22838239510913672,-15.90036065499244,-43.98414841311623,-26.90544662484201,9.708590879264419,-16.134780900135752,-1.4807329432133596,-3.902872388484063,-7.52609362964137,-33.70815697607811,-6.889931720430116,-3.376496791222251,-4.072809996840812,15.908220327423692,-6.838899519831944,21.893341063547354,5.412157100449725,-9.857678169843355,12.62743044291135,36.861327705040516,4.528748495014245,-8.237305814534693,1.2455617269265318,-24.090204311342273,27.01195992930201,2.549295376018284,8.586446781281868,6.577464861733111,-6.660539341031443,28.47309410141236,4.353662492379404,6.313320190514794,0.4560930106694745
NIND,NGEN,POP,CXPB,MUTPB,GAME_LEVEL
100,50,50,0.6,0.2,2
