nPeaks,nHoles,total_col_with_hole,total_dy,x_transitions,y_transitions,total_none_cols,maxWell,fullLines
121.04871615135852,-159.01445254918224,190.9845068653516,-83.00868487600485,-306.9387136032635,388.0327843931823,496.99686989584774,216.02311650082243,-228.00931000820825
NIND,NGEN,POP,CXPB,MUTPB
9,100,50,0.6,0.2
